name,speed
Fisher’s exact test,0.11044853687286377
G-test,0.25922935962677
Poisson means test,0.11217023849487305
Z-test,0.10989398002624512
Chi-square test,0.1796566963195801
