name,speed
Fisher’s exact test,1.9268914985656738
G-test,0.2780741024017334
Poisson means test,0.8823853588104248
Z-test,0.16425724029541017
Chi-square test,0.2990593194961548
