name,speed
Fisher’s exact test,0.27178085803985597
G-test,0.21344162464141847
Poisson means test,0.45733449459075926
Z-test,0.14582985877990723
Chi-square test,0.21832286357879638
