name,speed
Fisher’s exact test,1.7174732303619384
G-test,0.14665247917175292
Poisson means test,15.174982957839966
Z-test,0.07913158893585205
Chi-square test,0.11908426761627197
