name,speed
Fisher’s exact test,1.019544816017151
G-test,0.14682785034179688
Poisson means test,48.21857463359833
Z-test,0.07746696472167969
Chi-square test,0.14208133220672609
