name,speed
Fisher’s exact test,1.6432556438446044
G-test,0.27657174110412597
Poisson means test,0.7037588787078858
Z-test,0.1541287422180176
Chi-square test,0.24917548179626464
