name,speed
Fisher’s exact test,1.7506813621520996
G-test,0.27437031745910645
Poisson means test,1.5323037385940552
Z-test,0.17983345985412597
Chi-square test,0.2817855358123779
