name,speed
Fisher’s exact test,2.406167302131653
G-test,0.27810126304626465
Poisson means test,1.5341202020645142
Z-test,0.16534295558929443
Chi-square test,0.2517535591125488
