name,speed
Fisher’s exact test,0.7738085651397705
G-test,0.14457182884216307
Poisson means test,0.49464101791381837
Z-test,0.07638647079467774
Chi-square test,0.11844687938690185
