name,speed
Fisher’s exact test,1.0005639934539794
G-test,0.1456041955947876
Poisson means test,1.3370508575439453
Z-test,0.07708794593811036
Chi-square test,0.1174244499206543
