name,speed
Fisher’s exact test,2.588693609237671
G-test,0.147192759513855
Poisson means test,15.499194946289062
Z-test,0.07837228775024414
Chi-square test,0.11871501922607422
