name,speed
Fisher’s exact test,2.135225100517273
G-test,0.25933160305023195
Poisson means test,10.790808658599854
Z-test,0.12316879749298096
Chi-square test,0.2053593397140503
