name,speed
Fisher’s exact test,0.3783398628234863
G-test,0.13322533607482911
Poisson means test,0.2986690664291382
Z-test,0.08092994689941406
Chi-square test,0.11347503185272217
