name,speed
Fisher’s exact test,2.2256607818603515
G-test,0.2585190391540527
Poisson means test,1.1354268026351928
Z-test,0.11829168319702149
Chi-square test,0.1937970018386841
