name,speed
Fisher’s exact test,1.8064997386932373
G-test,0.3002490615844727
Poisson means test,0.7331566619873047
Z-test,0.1484287214279175
Chi-square test,0.2472744417190552
