name,speed
Fisher’s exact test,1.7618083238601685
G-test,0.2802997398376465
Poisson means test,0.5460192775726318
Z-test,0.16713664054870606
Chi-square test,0.22742909908294678
