name,speed
Fisher’s exact test,0.033377399444580076
G-test,0.22854220390319824
Poisson means test,0.006539616584777832
Z-test,0.09000836372375488
Chi-square test,0.17572469711303712
