name,speed
Fisher’s exact test,1.4214162778854371
G-test,0.28935701847076417
Poisson means test,0.6206568813323975
Z-test,0.17328403949737547
Chi-square test,0.3000630855560303
