name,speed
Fisher’s exact test,2.6961349773406984
G-test,0.3037906789779663
Poisson means test,0.9555403232574463
Z-test,0.1729586601257324
Chi-square test,0.24180056095123292
