name,speed
Fisher’s exact test,3.80840283870697
G-test,0.2833815622329712
Poisson means test,0.9122165012359619
Z-test,0.1945607614517212
Chi-square test,0.24178682327270506
