name,speed
Fisher’s exact test,0.03559547901153565
G-test,0.24156124591827394
Poisson means test,0.013680763244628906
Z-test,0.11051424503326417
Chi-square test,0.19935304164886475
