name,speed
Fisher’s exact test,0.9413126182556152
G-test,0.21176743984222413
Poisson means test,0.4834423971176147
Z-test,0.11976883888244629
Chi-square test,0.21356994152069092
