name,speed
Fisher’s exact test,0.2821412420272827
G-test,0.21850589752197266
Poisson means test,0.5111919975280762
Z-test,0.13654205799102784
Chi-square test,0.2644334268569946
