name,speed
Fisher’s exact test,1.1650934410095215
G-test,0.2968957996368408
Poisson means test,0.6257784175872803
Z-test,0.1519376802444458
Chi-square test,0.2879540634155273
