name,speed
Fisher’s exact test,2.336876001358032
G-test,0.3117011404037476
Poisson means test,44.691198019981385
Z-test,0.14877610206604003
Chi-square test,0.24884259700775146
