name,speed
Fisher’s exact test,0.9430812406539917
G-test,0.256852126121521
Poisson means test,0.5890046548843384
Z-test,0.1460995626449585
Chi-square test,0.25886168003082277
