name,speed
Fisher’s exact test,1.9333361244201661
G-test,0.29538497924804685
Poisson means test,3.475528383255005
Z-test,0.13821581840515137
Chi-square test,0.24524077892303467
