name,speed
Fisher’s exact test,0.2711732769012451
G-test,0.23654890060424805
Poisson means test,0.43788642406463624
Z-test,0.13674869537353515
Chi-square test,0.20521317958831786
