name,speed
Fisher’s exact test,1.2732040357589722
G-test,0.14913922786712647
Poisson means test,173.34845849990845
Z-test,0.07757897853851319
Chi-square test,0.11865785121917724
