name,speed
Fisher’s exact test,1.2182184648513794
G-test,0.14776811599731446
Poisson means test,307.67793025016783
Z-test,0.07735101699829101
Chi-square test,0.11965833187103271
