name,speed
Fisher’s exact test,0.0623921012878418
G-test,0.216506986618042
Poisson means test,0.0625047254562378
Z-test,0.08355998039245606
Chi-square test,0.17390814304351807
