name,speed
Fisher’s exact test,2.2359698152542116
G-test,0.22515055656433106
Poisson means test,10.97544958114624
Z-test,0.11803394317626953
Chi-square test,0.17728390216827392
