name,speed
Fisher’s exact test,0.5066172790527343
G-test,0.24482594490051268
Poisson means test,0.645544376373291
Z-test,0.14312757968902587
Chi-square test,0.21693325996398927
