name,speed
Fisher’s exact test,0.12031893730163574
G-test,0.23798124313354493
Poisson means test,0.11247721672058106
Z-test,0.10917376041412354
Chi-square test,0.19817139625549315
