name,speed
Fisher’s exact test,1.2225117206573486
G-test,0.14561936855316163
Poisson means test,5.159572186470032
Z-test,0.0776292610168457
Chi-square test,0.1190428066253662
