name,speed
Fisher’s exact test,0.9040518236160279
G-test,0.327391300201416
Poisson means test,0.836276741027832
Z-test,0.1571018171310425
Chi-square test,0.3303226613998413
