name,speed
Fisher’s exact test,1.7015126037597657
G-test,0.2991070556640625
Poisson means test,0.698505277633667
Z-test,0.14364214420318602
Chi-square test,0.22794020175933838
