name,speed
Fisher’s exact test,0.4337770175933838
G-test,0.2205992794036865
Poisson means test,0.6031039190292359
Z-test,0.14274383544921876
Chi-square test,0.2270779800415039
