name,speed
Fisher’s exact test,0.48357956886291503
G-test,0.13893893718719483
Poisson means test,0.3167877769470215
Z-test,0.0764115333557129
Chi-square test,0.1164076280593872
