name,speed
Fisher’s exact test,1.7426774168014527
G-test,0.3325128412246704
Poisson means test,1.1682630014419555
Z-test,0.22173182010650636
Chi-square test,0.3572565793991089
