name,speed
Fisher’s exact test,2.2486746597290037
G-test,0.2607881593704224
Poisson means test,118.59654726028442
Z-test,0.13238653659820557
Chi-square test,0.21397675991058349
