name,speed
Fisher’s exact test,1.376171760559082
G-test,0.2554962205886841
Poisson means test,0.9235751247406006
Z-test,0.12324382305145264
Chi-square test,0.20696896076202392
