name,speed
Fisher’s exact test,0.8800989389419556
G-test,0.29339988231658937
Poisson means test,0.6081677627563477
Z-test,0.13625383853912354
Chi-square test,0.2025144863128662
