name,speed
Fisher’s exact test,2.0828930377960204
G-test,0.272796196937561
Poisson means test,1.1332127618789674
Z-test,0.1327313995361328
Chi-square test,0.20916880607604982
