name,speed
Fisher’s exact test,0.05673625946044922
G-test,0.22602450370788574
Poisson means test,0.08052285671234131
Z-test,0.09383083820343018
Chi-square test,0.17150902271270752
