name,speed
Fisher’s exact test,0.6532646751403809
G-test,0.22336291790008544
Poisson means test,0.4507432985305786
Z-test,0.11362366199493408
Chi-square test,0.23187372207641602
