name,speed
Fisher’s exact test,1.7659247350692748
G-test,0.27981512069702147
Poisson means test,0.9134414577484131
Z-test,0.14196458339691162
Chi-square test,0.22947134017944337
