name,speed
Fisher’s exact test,0.9090624237060547
G-test,0.1437545585632324
Poisson means test,1.6267686891555786
Z-test,0.07759066581726075
Chi-square test,0.11895671844482422
