name,speed
Barnard’s exact test,3215.6176176071167
Boschloo’s exact test,17541.334317684174
Fisher’s exact test,1.4471521377563477
G-test,0.3039059638977051
Poisson means test,0.7352099418640137
Z-test,0.23589229583740234
Chi-square test,0.385134220123291
