name,speed
Fisher’s exact test,1.617817702293396
G-test,0.2988026189804077
Poisson means test,0.8578749370574951
Z-test,0.1871761178970337
Chi-square test,0.2575419807434082
