name,speed
Fisher’s exact test,0.5522435140609742
G-test,0.2676610612869263
Poisson means test,0.5005582571029663
Z-test,0.13958473682403563
Chi-square test,0.20745869636535644
