name,speed
Fisher’s exact test,2.0882873153686523
G-test,0.2593952178955078
Poisson means test,3.0684545612335206
Z-test,0.12077517986297608
Chi-square test,0.21798830032348632
