name,speed
Fisher’s exact test,3.0412801027297975
G-test,0.43279716968536375
Poisson means test,3.8525901079177856
Z-test,0.20298008918762206
Chi-square test,0.22235310077667236
