name,speed
Fisher’s exact test,1.8056062364578247
G-test,0.25874221801757813
Poisson means test,11.218279881477356
Z-test,0.19681859970092774
Chi-square test,0.2296089267730713
