name,speed
Fisher’s exact test,0.04620447635650635
G-test,0.23477090358734132
Poisson means test,0.018933076858520508
Z-test,0.0965871810913086
Chi-square test,0.17876187801361085
