name,speed
Fisher’s exact test,0.36892581939697267
G-test,0.20513874053955078
Poisson means test,0.5311563014984131
Z-test,0.15436294555664062
Chi-square test,0.25121537685394285
