name,speed
Fisher’s exact test,0.7667129039764404
G-test,0.25955547332763673
Poisson means test,0.6308969211578369
Z-test,0.14876473903656007
Chi-square test,0.23043444156646728
