name,speed
Fisher’s exact test,0.6453058195114135
G-test,0.24144661903381348
Poisson means test,0.5258876371383667
Z-test,0.1470365810394287
Chi-square test,0.23951831817626953
