name,speed
Fisher’s exact test,4.195060300827026
G-test,0.2600491762161255
Poisson means test,3.1237988805770875
Z-test,0.11643680095672608
Chi-square test,0.1948368263244629
