name,speed
Fisher’s exact test,0.7957757377624511
G-test,0.3834814977645874
Poisson means test,0.7389168834686279
Z-test,0.14932163715362548
Chi-square test,0.24100500106811523
