name,speed
Fisher’s exact test,1.2704882669448851
G-test,0.1466417932510376
Poisson means test,54.48118657112121
Z-test,0.07751561164855957
Chi-square test,0.11996045589447021
