name,speed
Fisher’s exact test,0.8829582977294922
G-test,0.30950265884399414
Poisson means test,0.7984152412414551
Z-test,0.14437543869018554
Chi-square test,0.2354445219039917
