name,speed
Fisher’s exact test,0.6905223226547241
G-test,0.2847538375854492
Poisson means test,0.6029503774642945
Z-test,0.14149369716644286
Chi-square test,0.23751667976379395
