name,speed
Fisher’s exact test,0.9067500400543212
G-test,0.2777617168426514
Poisson means test,0.6212421607971191
Z-test,0.1444488000869751
Chi-square test,0.26957743644714355
