name,speed
Fisher’s exact test,0.035077056884765624
G-test,0.22307906150817872
Poisson means test,0.024942922592163085
Z-test,0.1267870044708252
Chi-square test,0.1834499216079712
