name,speed
Fisher’s exact test,2.458471417427063
G-test,0.3542501163482666
Poisson means test,133.74153421878816
Z-test,0.13920144081115723
Chi-square test,0.24152379989624023
