name,speed
Fisher’s exact test,2.8649291372299195
G-test,0.2545647764205933
Poisson means test,2.94344482421875
Z-test,0.12063980102539062
Chi-square test,0.19893141746520995
