name,speed
Fisher’s exact test,0.11587815761566161
G-test,0.25165446281433107
Poisson means test,0.09689601898193359
Z-test,0.08366720199584961
Chi-square test,0.1608681583404541
