name,speed
Fisher’s exact test,0.2654145383834839
G-test,0.20103796005249022
Poisson means test,0.32652960300445555
Z-test,0.10759277820587158
Chi-square test,0.24145569801330566
