name,speed
Fisher’s exact test,0.6811508846282959
G-test,0.14190874576568605
Poisson means test,0.359380259513855
Z-test,0.07673554897308349
Chi-square test,0.11673731327056885
