name,speed
Barnard’s exact test,30.927181243896484
Boschloo’s exact test,18.985986709594727
